,Time_Period,date,rows,MAE,MSE,RMSE,MAPE,R2,completeness,status,status_text
0,2017-01-01,2017-01-01,144,5.247263,33.57017,5.7939773,15.160905,-2.43819654002301,1.0,1,normal
1,2017-01-02,2017-01-02,144,5.373927116394043,39.8817138671875,6.315196990966797,12.81890869140625,0.6879119604487378,1.0,1,normal
2,2017-01-03,2017-01-03,144,1.70135760307312,5.058974266052246,2.249216318130493,4.928602695465088,0.8446101819499057,1.0,1,normal
3,2017-01-04,2017-01-04,144,1.2602628469467163,3.552435874938965,1.8847906589508057,3.7883803844451904,0.9338178642635024,1.0,1,normal
4,2017-01-05,2017-01-05,144,2.0882773399353027,7.307938575744629,2.703320026397705,5.871728420257568,0.7049729594366885,1.0,1,normal
5,2017-01-06,2017-01-06,144,3.5093624591827397,19.961944580078125,4.467879295349121,6.66124963760376,0.8752618417721225,1.0,1,normal
6,2017-01-07,2017-01-07,144,4.671125411987305,28.158536911010746,5.306461811065674,8.364607810974121,-0.0736610885277402,1.0,1,normal
7,2017-01-08,2017-01-08,144,3.0034494400024414,20.54253387451172,4.5323872566223145,6.851800441741943,0.4290061303612923,1.0,1,normal
8,2017-01-09,2017-01-09,144,3.5741703510284424,19.185606002807617,4.3801374435424805,11.097688674926758,0.2967463165926283,1.0,1,normal
9,2017-01-10,2017-01-10,144,3.8022031784057617,29.75174903869629,5.454516410827637,8.737090110778809,0.8283888827398874,1.0,1,normal
10,2017-01-11,2017-01-11,144,4.245111465454102,26.87906646728516,5.184502601623535,9.834965705871582,0.6363653476240743,1.0,1,normal
11,2017-01-12,2017-01-12,144,2.704420328140259,13.461350440979004,3.668971300125122,6.061830520629883,0.7111745540971448,1.0,1,normal
12,2017-01-13,2017-01-13,144,2.68161678314209,10.36153793334961,3.218934297561645,7.473507404327393,0.8212349468374728,1.0,1,normal
13,2017-01-14,2017-01-14,144,4.059972763061523,21.71722984313965,4.66017484664917,11.195674896240234,0.863482542541775,1.0,1,normal
14,2017-01-15,2017-01-15,144,3.433486223220825,17.172807693481445,4.144008636474609,10.501904487609863,0.648854153192426,1.0,1,normal
15,2017-01-16,2017-01-16,144,2.2739920616149902,7.843887329101562,2.800693988800049,7.532015323638916,0.7054659936243619,1.0,1,normal
16,2017-01-17,2017-01-17,144,3.73036527633667,20.901912689208984,4.5718607902526855,11.662734985351562,-0.5070305796186196,1.0,1,normal
17,2017-01-18,2017-01-18,144,3.819488048553467,25.0157470703125,5.001574516296387,13.045698165893556,-0.9760179366590662,1.0,1,normal
18,2017-01-19,2017-01-19,144,5.693620681762695,49.36344909667969,7.025912761688232,15.993499755859377,-0.1029844037304692,1.0,1,normal
19,2017-01-20,2017-01-20,144,3.5447778701782227,19.386449813842773,4.4030046463012695,9.27164363861084,0.780119693417317,1.0,1,normal
20,2017-01-21,2017-01-21,144,2.588841438293457,12.527528762817385,3.5394248962402344,6.913320541381836,0.8561832352108962,1.0,1,normal
21,2017-01-22,2017-01-22,144,2.1165335178375244,7.075950145721436,2.6600658893585205,6.318935871124268,0.9166165095550796,1.0,1,normal
22,2017-01-23,2017-01-23,144,1.218500018119812,2.3498048782348637,1.5329073667526243,4.500744342803955,0.9384551347633656,1.0,1,normal
23,2017-01-24,2017-01-24,144,1.274702072143555,3.1571154594421387,1.776827335357666,3.981541156768799,0.9430520248146936,1.0,1,normal
24,2017-01-25,2017-01-25,144,0.9617445468902588,1.6804311275482178,1.2963144779205322,3.378721237182617,0.9653782197026876,1.0,-1,anomaly
25,2017-01-26,2017-01-26,144,3.422031879425049,18.871591567993164,4.344144344329834,7.244070529937744,0.920037567901926,1.0,1,normal
26,2017-01-27,2017-01-27,144,0.4560285806655884,0.3769813776016235,0.6139881014823914,1.84934663772583,0.9464759129259278,1.0,-1,anomaly
27,2017-01-28,2017-01-28,144,2.421394824981689,16.58121681213379,4.0720038414001465,6.765263557434082,0.8356995189000052,1.0,1,normal
28,2017-01-29,2017-01-29,144,1.9760695695877075,7.096597671508789,2.6639440059661865,6.057564735412598,0.7566876521473378,1.0,1,normal
29,2017-01-30,2017-01-30,144,1.979008197784424,6.276170253753662,2.5052285194396973,5.747391223907471,0.8750761151538115,1.0,1,normal
30,2017-01-31,2017-01-31,134,2.559690475463867,10.27842140197754,3.2059977054595947,5.760806083679199,0.5559346907857623,0.9305555555555556,1,normal
31,2017-02-01,2017-02-01,144,2.914365530014038,17.045644760131836,4.128637313842773,7.616987228393555,0.6978117037581737,1.0,1,normal
32,2017-02-02,2017-02-02,144,8.258061408996582,81.16807556152344,9.009332656860352,15.654304504394531,0.2329848395101139,1.0,1,normal
33,2017-02-03,2017-02-03,144,5.85912561416626,39.37633514404297,6.2750563621521,12.182106018066406,-0.6505010700157892,1.0,1,normal
34,2017-02-04,2017-02-04,144,6.811659812927246,56.26025390625,7.500683784484863,11.852386474609377,0.2570968234770274,1.0,1,normal
35,2017-02-05,2017-02-05,144,6.986924648284912,58.87907028198242,7.673269748687744,11.05155086517334,0.3024986906091874,1.0,1,normal
36,2017-02-06,2017-02-06,144,2.6909327507019043,13.906414031982422,3.729130506515503,7.4816694259643555,0.7071046336009881,1.0,1,normal
37,2017-02-07,2017-02-07,144,7.224791526794434,73.93887329101562,8.598772048950195,15.751483917236328,0.1118777663134987,1.0,1,normal
38,2017-02-08,2017-02-08,144,4.9891438484191895,33.96586608886719,5.828024387359619,10.698616027832031,0.5028343631103828,1.0,1,normal
39,2017-02-09,2017-02-09,144,8.561405181884766,86.23271942138672,9.286157608032228,17.349729537963867,-0.2378759750265229,1.0,1,normal
40,2017-02-10,2017-02-10,144,3.605266094207764,20.04235076904297,4.476868629455566,9.21808624267578,0.6658960283245465,1.0,1,normal
41,2017-02-11,2017-02-11,144,7.069544315338135,55.79077911376953,7.469322681427002,12.941688537597656,-0.678006090088425,1.0,1,normal
42,2017-02-12,2017-02-12,144,4.270910263061523,24.1644287109375,4.9157328605651855,7.157702922821045,0.2068090334613753,1.0,1,normal
43,2017-02-13,2017-02-13,144,6.1570000648498535,53.56081771850586,7.318525791168213,11.957283973693848,0.5773670262937496,1.0,1,normal
44,2017-02-14,2017-02-14,144,8.091975212097168,88.09349060058594,9.38581371307373,17.229965209960938,-0.357977635921715,1.0,1,normal
45,2017-02-15,2017-02-15,144,5.7279372215271,37.35888671875,6.112191677093506,9.318269729614258,0.1030034440478002,1.0,1,normal
46,2017-02-16,2017-02-16,144,3.646744966506958,18.699886322021484,4.324336528778076,6.534369945526123,-0.2279339047964959,1.0,1,normal
47,2017-02-17,2017-02-17,144,5.584321022033691,35.8819580078125,5.990155220031738,11.873841285705566,-1.0788109425029164,1.0,1,normal
48,2017-02-18,2017-02-18,144,3.805868864059448,18.33750534057617,4.282231330871582,11.52281093597412,-0.7807886935263699,1.0,1,normal
49,2017-02-19,2017-02-19,144,3.4133331775665283,20.632652282714844,4.542317867279053,8.386853218078613,0.8712223465358115,1.0,1,normal
50,2017-02-20,2017-02-20,144,4.206400394439697,22.733396530151367,4.767955303192139,8.434489250183105,0.6457877643243607,1.0,1,normal
51,2017-02-21,2017-02-21,144,6.488237380981445,49.75252914428711,7.053547382354736,10.098541259765623,0.5801035877761259,1.0,1,normal
52,2017-02-22,2017-02-22,144,5.911626815795898,45.71091079711914,6.760984420776367,9.61512851715088,0.6679477839510308,1.0,1,normal
53,2017-02-23,2017-02-23,144,1.7294985055923462,4.7578630447387695,2.1812527179718018,5.27730655670166,0.7139687283889302,1.0,1,normal
54,2017-02-24,2017-02-24,144,1.8276362419128416,4.776728630065918,2.185572862625122,5.733432769775391,0.8418069068573436,1.0,1,normal
55,2017-02-25,2017-02-25,144,1.8075555562973025,5.431337356567383,2.3305230140686035,5.58318567276001,0.7265314404791234,1.0,1,normal
56,2017-02-26,2017-02-26,144,1.0638030767440796,2.484696626663208,1.5762920379638672,3.900318145751953,0.8862694367698182,1.0,1,normal
57,2017-02-27,2017-02-27,144,1.7472238540649414,6.240499019622803,2.4980990886688232,5.406156539916992,0.8909986241088501,1.0,1,normal
58,2017-02-28,2017-02-28,144,3.849088907241821,26.962766647338867,5.192568302154541,11.191713333129885,0.3558987107753213,1.0,1,normal
59,2017-03-01,2017-03-01,144,2.4492337703704834,8.33084774017334,2.8863208293914795,7.765801906585693,0.0022327373759918,1.0,1,normal
60,2017-03-02,2017-03-02,144,1.274188995361328,2.9073610305786133,1.7050985097885132,4.129279613494873,0.907371002607126,1.0,1,normal
61,2017-03-03,2017-03-03,144,4.568439960479736,36.86669158935547,6.0717949867248535,8.645697593688965,0.9064992838926668,1.0,1,normal
62,2017-03-04,2017-03-04,144,5.00258731842041,34.045196533203125,5.8348259925842285,8.169391632080078,0.665127723747355,1.0,1,normal
63,2017-03-05,2017-03-05,144,2.241007089614868,9.684422492980955,3.111980438232422,6.63381814956665,0.7892143439129179,1.0,1,normal
64,2017-03-06,2017-03-06,144,2.998379230499268,13.48453140258789,3.672128915786743,8.459368705749512,0.6307359547959315,1.0,1,normal
65,2017-03-07,2017-03-07,144,3.148144245147705,14.70078182220459,3.8341598510742183,9.378559112548828,0.4624055334023876,1.0,1,normal
66,2017-03-08,2017-03-08,144,2.9244067668914795,11.53100299835205,3.395733118057251,6.962750911712647,0.933843235754804,1.0,1,normal
67,2017-03-09,2017-03-09,144,4.679678916931152,29.11423110961914,5.395760536193848,8.932987213134766,0.7468021656654898,1.0,1,normal
68,2017-03-10,2017-03-10,144,1.529277205467224,4.314581394195557,2.077157020568848,3.493518114089966,0.861233565684941,1.0,1,normal
69,2017-03-11,2017-03-11,144,1.0019854307174685,1.808462381362915,1.344790816307068,3.087255477905273,0.8800094792650301,1.0,-1,anomaly
70,2017-03-12,2017-03-12,144,2.256897449493408,9.07429027557373,3.0123562812805176,5.312954425811768,0.9204001309125244,1.0,1,normal
71,2017-03-13,2017-03-13,144,4.85621452331543,31.02542495727539,5.570046901702881,11.899239540100098,0.2791479538444421,1.0,1,normal
72,2017-03-14,2017-03-14,144,3.692215919494629,21.21461677551269,4.605932712554932,9.103001594543455,0.7725802446938834,1.0,1,normal
73,2017-03-15,2017-03-15,144,3.4704174995422363,18.356401443481445,4.28443717956543,5.399314880371094,-0.0907919584787984,1.0,1,normal
74,2017-03-16,2017-03-16,144,4.892970085144043,26.781930923461918,5.175126075744629,8.942292213439941,-11.092013400726216,1.0,1,normal
75,2017-03-17,2017-03-17,144,4.851948261260986,32.38276290893555,5.690585613250732,9.64988136291504,0.1282628991012763,1.0,1,normal
76,2017-03-18,2017-03-18,144,5.417857646942139,34.40717315673828,5.865762710571289,10.892141342163086,0.1780552837101635,1.0,1,normal
77,2017-03-19,2017-03-19,144,3.662691831588745,19.37799835205078,4.402044773101807,9.242863655090332,0.4998473756341763,1.0,1,normal
78,2017-03-20,2017-03-20,144,5.774764060974121,67.68701171875,8.227211952209473,11.682483673095703,0.6806562604533566,1.0,1,normal
79,2017-03-21,2017-03-21,144,4.658289909362793,27.291046142578125,5.224083423614502,9.394723892211914,0.54788184792621,1.0,1,normal
80,2017-03-22,2017-03-22,144,2.335877656936645,8.596693992614746,2.932011842727661,5.099626064300537,0.8538072256604555,1.0,1,normal
81,2017-03-23,2017-03-23,144,3.1979146003723145,19.19199562072754,4.380867004394531,9.295873641967772,0.8038705917194082,1.0,1,normal
82,2017-03-24,2017-03-24,144,3.19040584564209,19.14687156677246,4.37571382522583,8.458002090454102,0.7509560703711942,1.0,1,normal
83,2017-03-25,2017-03-25,144,5.106711864471436,35.1138916015625,5.925697326660156,9.346049308776855,0.7352091113549499,1.0,1,normal
84,2017-03-26,2017-03-26,138,3.631160736083984,17.091968536376953,4.134243488311768,7.569078922271728,0.5988347076318984,0.9583333333333334,1,normal
85,2017-03-27,2017-03-27,144,2.009948253631592,7.461799621582031,2.7316293716430664,4.380957126617432,0.8809572310459598,1.0,1,normal
86,2017-03-28,2017-03-28,144,1.6084731817245483,4.2789387702941895,2.0685596466064453,5.001928329467773,0.8313398173152897,1.0,1,normal
87,2017-03-29,2017-03-29,144,4.724491596221924,34.14810943603516,5.8436384201049805,7.910604953765869,0.7523670276963421,1.0,1,normal
88,2017-03-30,2017-03-30,144,6.733285427093506,53.07209777832031,7.285059928894043,12.151029586791992,0.2823677021961012,1.0,1,normal
89,2017-03-31,2017-03-31,144,1.6367847919464111,4.28218936920166,2.069345235824585,4.577067852020264,0.9075413190746316,1.0,1,normal
90,2017-04-01,2017-04-01,144,2.3570661544799805,8.453277587890625,2.90745210647583,6.547010898590088,0.5581312488633483,1.0,1,normal
91,2017-04-02,2017-04-02,144,1.1053485870361328,1.7955479621887207,1.3399806022644043,3.914241552352905,0.9449197568922384,1.0,1,normal
92,2017-04-03,2017-04-03,144,4.634099960327148,34.02935028076172,5.833467960357666,7.727728843688965,0.890338387867402,1.0,1,normal
93,2017-04-04,2017-04-04,144,3.08329439163208,13.26078987121582,3.641536712646485,5.560344696044922,0.78484958018878,1.0,1,normal
94,2017-04-05,2017-04-05,144,2.709867000579834,12.054361343383787,3.4719390869140625,6.304498672485352,0.0329649081645565,1.0,1,normal
95,2017-04-06,2017-04-06,144,2.81695818901062,12.41966438293457,3.5241544246673584,4.762999534606934,0.6415791025309827,1.0,1,normal
96,2017-04-07,2017-04-07,144,3.899564027786255,19.39853286743164,4.40437650680542,6.574419975280762,-4.346268762219866,1.0,1,normal
97,2017-04-08,2017-04-08,144,4.166279315948486,23.69925117492676,4.86818790435791,7.350683212280273,-0.6328879440582202,1.0,1,normal
98,2017-04-09,2017-04-09,144,4.495138168334961,26.78315544128418,5.175244331359863,7.734098434448242,-2.639323264898373,1.0,1,normal
99,2017-04-10,2017-04-10,144,3.751578330993652,22.278295516967773,4.719988822937012,6.352898597717285,-15.289800329883995,1.0,1,normal
100,2017-04-11,2017-04-11,144,4.644777297973633,28.51972198486328,5.340385913848877,9.651284217834473,0.1984992875072642,1.0,1,normal
101,2017-04-12,2017-04-12,144,2.663909435272217,10.00832462310791,3.1635935306549072,6.852569580078125,0.5002777738153723,1.0,1,normal
102,2017-04-13,2017-04-13,144,1.8774787187576292,5.787435531616211,2.4057090282440186,5.338576316833496,0.8119499213173708,1.0,1,normal
103,2017-04-14,2017-04-14,144,1.7636693716049194,5.290333271026611,2.300072431564331,5.349882125854492,0.7666261805420062,1.0,1,normal
104,2017-04-15,2017-04-15,144,1.2621989250183103,2.757197380065918,1.660481095314026,3.843355178833008,0.9417919857485308,1.0,1,normal
105,2017-04-16,2017-04-16,144,5.587571620941162,51.65160369873047,7.1869049072265625,10.2544527053833,0.8477849604347161,1.0,1,normal
106,2017-04-17,2017-04-17,144,3.3799428939819336,17.062530517578125,4.13068151473999,6.985024452209473,0.6608999233142501,1.0,1,normal
107,2017-04-18,2017-04-18,144,5.02378511428833,39.537139892578125,6.287856578826904,7.766423225402832,0.727695195567342,1.0,1,normal
108,2017-04-19,2017-04-19,144,1.997055530548096,6.77669095993042,2.60320782661438,3.227684259414673,0.8764789882307142,1.0,1,normal
109,2017-04-20,2017-04-20,144,2.7479617595672607,13.62115478515625,3.690684795379639,5.23239803314209,0.6649392107383995,1.0,1,normal
110,2017-04-21,2017-04-21,144,3.6979055404663086,17.62901496887207,4.1986918449401855,6.626517295837402,-3.189119518436057,1.0,1,normal
111,2017-04-22,2017-04-22,144,2.913318634033203,13.172334671020508,3.629371166229248,5.078916072845459,-0.4283550873555735,1.0,1,normal
112,2017-04-23,2017-04-23,144,6.073122978210449,45.1954460144043,6.7227559089660645,12.59461784362793,-0.8068695832007926,1.0,1,normal
113,2017-04-24,2017-04-24,144,4.796870231628418,29.75716209411621,5.455012798309326,11.46873378753662,-0.3932073242845468,1.0,1,normal
114,2017-04-25,2017-04-25,144,3.0276269912719727,12.913728713989258,3.5935676097869877,8.166866302490234,-0.5957850764553843,1.0,1,normal
115,2017-04-26,2017-04-26,144,2.702608108520508,10.999526023864746,3.3165533542633057,7.648716926574707,0.2237291312755875,1.0,1,normal
116,2017-04-27,2017-04-27,143,2.0901317596435547,6.637928485870361,2.5764176845550537,6.474088191986084,0.0332946087542828,0.9930555555555556,1,normal
117,2017-04-28,2017-04-28,144,3.382774829864502,14.302776336669922,3.7819011211395264,6.492427825927734,0.772887705921918,1.0,1,normal
118,2017-04-29,2017-04-29,144,3.356250047683716,15.903401374816896,3.9879069328308105,8.634224891662598,0.6220956938828923,1.0,1,normal
119,2017-04-30,2017-04-30,144,4.038149833679199,21.82953643798828,4.672208786010742,10.41848373413086,0.4505413735753213,1.0,1,normal
120,2017-05-01,2017-05-01,144,3.678853750228882,18.50172615051269,4.301363468170166,9.87425422668457,0.6396333388874235,1.0,1,normal
121,2017-05-02,2017-05-02,144,6.473365783691406,48.32364273071289,6.951520919799805,9.68898868560791,0.7081481497716546,1.0,1,normal
122,2017-05-03,2017-05-03,144,2.968336582183838,15.46258544921875,3.9322493076324463,4.433433532714844,0.7454990890975212,1.0,1,normal
123,2017-05-04,2017-05-04,144,5.29872465133667,38.77031326293945,6.22658109664917,10.73554801940918,0.4721580822142251,1.0,1,normal
124,2017-05-05,2017-05-05,144,4.154269695281982,22.33563995361328,4.726059436798096,10.68256378173828,-0.8816601569304241,1.0,1,normal
125,2017-05-06,2017-05-06,144,2.4069061279296875,9.639766693115234,3.10479736328125,7.860919952392578,0.6620912613246153,1.0,1,normal
126,2017-05-07,2017-05-07,144,4.147768020629883,22.24578857421875,4.716544151306152,10.21876621246338,0.8488519491892986,1.0,1,normal
127,2017-05-08,2017-05-08,144,4.628759384155273,31.43402099609375,5.606605052947998,9.809948921203612,-0.1370574598243308,1.0,1,normal
128,2017-05-09,2017-05-09,144,1.945320725440979,5.892028331756592,2.4273500442504883,5.0616888999938965,0.8220113844603317,1.0,1,normal
129,2017-05-10,2017-05-10,144,2.4007790088653564,8.491927146911621,2.914091110229492,4.748417854309082,0.9048177327525428,1.0,1,normal
130,2017-05-11,2017-05-11,144,3.953571319580078,21.5595703125,4.643228530883789,6.639298915863037,0.5348477420627836,1.0,1,normal
131,2017-05-12,2017-05-12,144,2.3071000576019287,9.331915855407717,3.0548183917999268,4.598180770874023,0.7366655167266076,1.0,1,normal
132,2017-05-13,2017-05-13,144,2.6054155826568604,12.228106498718262,3.496870994567871,6.315383434295654,0.8319905223564409,1.0,1,normal
133,2017-05-14,2017-05-14,144,1.3801699876785278,3.910543203353882,1.9775093793869016,3.571493864059448,0.9667244523537114,1.0,1,normal
134,2017-05-15,2017-05-15,144,3.7479465007781982,20.261323928833008,4.50125789642334,6.029644012451172,0.9029316402118176,1.0,1,normal
135,2017-05-16,2017-05-16,144,2.8112611770629883,12.85982894897461,3.5860602855682373,3.920515298843384,0.7849460739981399,1.0,1,normal
136,2017-05-17,2017-05-17,144,6.06177282333374,52.612117767333984,7.253421306610107,8.431763648986816,0.0885992102612061,1.0,1,normal
137,2017-05-18,2017-05-18,144,3.840937614440918,20.42123794555664,4.518986225128174,7.673386573791504,0.813684590695112,1.0,1,normal
138,2017-05-19,2017-05-19,144,2.3115477561950684,7.94158935546875,2.818082571029663,5.4944281578063965,0.8714233814711619,1.0,1,normal
139,2017-05-20,2017-05-20,144,6.072710037231445,43.29518508911133,6.5799078941345215,8.205851554870605,-0.2867335274099019,1.0,1,normal
140,2017-05-21,2017-05-21,144,4.389856338500977,21.12784576416016,4.596503734588623,5.860419750213623,-0.5047010568924417,1.0,1,normal
141,2017-05-22,2017-05-22,144,7.969533443450928,81.82058715820312,9.045473098754885,15.519505500793455,0.1703804089325522,1.0,1,normal
142,2017-05-23,2017-05-23,144,6.76898193359375,54.37532043457031,7.37396240234375,10.18066120147705,0.4940295976009953,1.0,1,normal
143,2017-05-24,2017-05-24,144,4.450165748596191,26.51833724975586,5.149595737457275,5.978406429290772,-0.1528579154767104,1.0,1,normal
144,2017-05-25,2017-05-25,144,2.5854828357696533,10.531432151794434,3.2452168464660645,4.521210670471191,0.9200731844339916,1.0,1,normal
145,2017-05-26,2017-05-26,144,1.3399386405944824,2.543376207351685,1.594796657562256,3.865776300430298,0.905580849858224,1.0,1,normal
146,2017-05-27,2017-05-27,144,1.991058349609375,9.55965518951416,3.091869115829468,4.063147068023682,0.9557379768370609,1.0,1,normal
147,2017-05-28,2017-05-28,144,1.3530336618423462,2.8172616958618164,1.678470015525818,3.439184188842773,0.9292899067212632,1.0,1,normal
148,2017-05-29,2017-05-29,144,1.6867717504501345,4.075901508331299,2.018886089324951,4.63999605178833,0.8730808262851701,1.0,1,normal
149,2017-05-30,2017-05-30,144,1.294068455696106,2.831831216812134,1.6828045845031738,3.683067798614502,0.932861315044354,1.0,1,normal
150,2017-05-31,2017-05-31,144,4.836267948150635,35.156646728515625,5.929304122924805,7.344159603118896,0.8762210633658513,1.0,1,normal
151,2017-06-01,2017-06-01,144,2.7415833473205566,10.888059616088867,3.299705982208252,3.976053714752197,0.2974898305023881,1.0,1,normal
152,2017-06-02,2017-06-02,144,2.739323377609253,12.5465669631958,3.542113304138184,4.342362880706787,0.8582622798385857,1.0,1,normal
153,2017-06-03,2017-06-03,144,2.136457920074463,6.37628698348999,2.5251309871673584,5.149331092834473,0.8846919252738468,1.0,1,normal
154,2017-06-04,2017-06-04,144,2.378802299499512,10.288630485534668,3.207589626312256,4.997114658355713,0.9226633268180312,1.0,1,normal
155,2017-06-05,2017-06-05,144,1.710394263267517,4.3208088874816895,2.078655481338501,4.219080448150635,0.9172681427009036,1.0,1,normal
156,2017-06-06,2017-06-06,144,1.986100912094116,6.0131683349609375,2.452176332473755,4.751707553863525,0.9280209093301904,1.0,1,normal
157,2017-06-07,2017-06-07,144,3.047968864440918,17.484619140625,4.181461334228516,4.667206287384033,0.967088637385624,1.0,1,normal
158,2017-06-08,2017-06-08,144,5.9423651695251465,46.72224426269531,6.835367202758789,7.5367302894592285,-0.45272323365725,1.0,1,normal
159,2017-06-09,2017-06-09,144,6.428758144378662,66.51653289794922,8.155766487121582,12.457025527954102,0.4712504928016731,1.0,1,normal
160,2017-06-10,2017-06-10,144,5.142070770263672,37.84402847290039,6.151750087738037,8.27347183227539,0.840903227830478,1.0,1,normal
161,2017-06-11,2017-06-11,144,5.613428115844727,39.90272521972656,6.316860198974609,7.151574611663818,-0.502361815595612,1.0,1,normal
162,2017-06-12,2017-06-12,144,3.70143985748291,19.407405853271484,4.405383586883545,5.244086265563965,0.6344768401722096,1.0,1,normal
163,2017-06-13,2017-06-13,144,3.1002209186553955,16.193626403808594,4.024130344390869,4.997133255004883,0.8816777270730273,1.0,1,normal
164,2017-06-14,2017-06-14,144,1.6487572193145752,5.213176250457764,2.283238172531128,3.948708534240722,0.923240179463898,1.0,1,normal
165,2017-06-15,2017-06-15,144,1.9588565826416016,8.26375961303711,2.8746755123138428,4.512540340423584,0.8950808274813359,1.0,1,normal
166,2017-06-16,2017-06-16,144,4.079403400421143,24.90627670288086,4.990618705749512,6.4619622230529785,0.8955736794110292,1.0,1,normal
167,2017-06-17,2017-06-17,144,3.661942720413208,32.84325408935547,5.730903625488281,5.620779991149902,0.9261317099337418,1.0,1,normal
168,2017-06-18,2017-06-18,144,4.898065567016602,34.26875305175781,5.853951930999756,6.407286167144775,-1.2451152581427527,1.0,1,normal
169,2017-06-19,2017-06-19,144,4.581483840942383,28.847286224365234,5.370966911315918,6.407503128051758,0.6175354949232184,1.0,1,normal
170,2017-06-20,2017-06-20,144,4.877875804901123,30.173622131347656,5.493052005767822,6.754770755767822,0.7262085979751516,1.0,1,normal
171,2017-06-21,2017-06-21,144,3.998015403747559,21.036890029907227,4.586598873138428,7.868435859680176,0.8167939320444223,1.0,1,normal
172,2017-06-22,2017-06-22,127,2.317188262939453,9.991544723510742,3.160940408706665,5.340812683105469,0.8615573485588031,0.8819444444444444,1,normal
173,2017-06-23,2017-06-23,144,2.668056011199951,12.764572143554688,3.572754144668579,5.945776462554932,0.91329815582527,1.0,1,normal
174,2017-06-24,2017-06-24,144,4.026317596435547,35.424373626708984,5.95183801651001,6.685841083526611,0.7586301895315298,1.0,1,normal
175,2017-06-25,2017-06-25,144,4.48611307144165,30.101118087768555,5.486448764801025,7.846014976501465,0.3484367334303084,1.0,1,normal
176,2017-06-26,2017-06-26,144,7.201018333435059,80.45069885253906,8.969430923461914,13.21653175354004,0.4419603171493622,1.0,1,normal
177,2017-06-27,2017-06-27,144,5.911127090454102,42.69903945922852,6.534450054168701,11.028478622436523,0.3859318375796329,1.0,1,normal
178,2017-06-28,2017-06-28,144,6.006620407104492,43.12996292114258,6.567340850830078,11.202526092529297,0.6383125197588297,1.0,1,normal
179,2017-06-29,2017-06-29,144,4.184014320373535,24.49856758117676,4.9496026039123535,7.291758060455322,0.5595748529141984,1.0,1,normal
180,2017-06-30,2017-06-30,144,7.180710792541504,67.4174575805664,8.210813522338867,12.520774841308594,-0.6079264734981045,1.0,1,normal
181,2017-07-01,2017-07-01,144,4.213144779205322,32.361785888671875,5.688742160797119,8.090097427368164,0.7883873285911337,1.0,1,normal
182,2017-07-02,2017-07-02,144,6.56557035446167,52.26008224487305,7.229113578796387,8.716850280761719,-0.2230222014481637,1.0,1,normal
183,2017-07-03,2017-07-03,144,4.73211145401001,26.51900291442871,5.149660587310791,6.312636852264404,0.3761563702590408,1.0,1,normal
184,2017-07-04,2017-07-04,141,4.650053024291992,44.09214782714844,6.640192031860352,6.792379856109619,0.9047810372146162,0.9791666666666666,1,normal
185,2017-07-05,2017-07-05,72,5.339414596557617,34.34632873535156,5.860574245452881,9.85800075531006,0.7615132808950728,0.5,1,normal
186,2017-07-06,2017-07-06,71,1.9409153461456297,8.62637710571289,2.9370694160461426,4.775894165039063,0.687477962272774,0.4930555555555556,1,normal
187,2017-07-07,2017-07-07,144,2.677927017211914,11.612228393554688,3.4076719284057617,5.700226306915283,0.9161917636330268,1.0,1,normal
188,2017-07-08,2017-07-08,144,1.7259533405303955,4.125640869140625,2.031167268753052,3.908881187438965,0.8617423123010689,1.0,1,normal
189,2017-07-09,2017-07-09,144,1.1714781522750854,2.127970695495605,1.4587565660476685,3.1147778034210205,0.9078179939317574,1.0,-1,anomaly
190,2017-07-10,2017-07-10,144,2.23160719871521,8.360201835632324,2.8914012908935547,5.131369113922119,0.9337985601315728,1.0,1,normal
191,2017-07-11,2017-07-11,144,2.301024436950684,12.284261703491213,3.504891157150269,4.430458068847656,0.9330791339633862,1.0,1,normal
192,2017-07-12,2017-07-12,144,5.662129878997803,44.56163787841797,6.675450325012207,9.242780685424805,-0.4222871272057837,1.0,1,normal
193,2017-07-13,2017-07-13,144,4.761114120483398,35.88998794555664,5.990825176239014,8.454550743103027,0.6458218553939978,1.0,1,normal
194,2017-07-14,2017-07-14,144,1.9682180881500244,7.160158157348633,2.675847291946411,3.8951377868652335,0.901411283951408,1.0,1,normal
195,2017-07-15,2017-07-15,144,3.132596969604492,18.91070556640625,4.348644256591797,5.135413646697998,0.7375341141242817,1.0,1,normal
196,2017-07-16,2017-07-16,144,3.967602252960205,19.872880935668945,4.4579010009765625,5.184542179107666,0.5741170302497776,1.0,1,normal
197,2017-07-17,2017-07-17,144,4.725213050842285,28.57390022277832,5.345456123352051,6.019141674041748,0.7644274251961555,1.0,1,normal
198,2017-07-18,2017-07-18,144,4.556169509887695,30.64122200012207,5.535451412200928,7.978600978851318,0.7558498351012882,1.0,1,normal
199,2017-07-19,2017-07-19,144,1.4557418823242188,3.5185821056365967,1.8757884502410889,3.543269634246826,0.9335875164524232,1.0,1,normal
200,2017-07-20,2017-07-20,144,1.5479153394699097,4.984546184539795,2.232609748840332,3.931143522262573,0.892224197683661,1.0,1,normal
201,2017-07-21,2017-07-21,144,1.6919506788253784,3.9664459228515625,1.991593837738037,4.296061038970947,0.7745091057119387,1.0,1,normal
202,2017-07-22,2017-07-22,144,1.5085179805755615,3.464910984039306,1.8614271879196167,3.647310733795166,0.9548951390033228,1.0,1,normal
203,2017-07-23,2017-07-23,144,2.0159645080566406,9.989601135253906,3.160633087158203,4.366584777832031,0.9326224721437504,1.0,1,normal
204,2017-07-24,2017-07-24,144,1.4420979022979736,3.6508500576019287,1.9107197523117063,3.4163222312927246,0.9772853434281032,1.0,1,normal
205,2017-07-25,2017-07-25,144,1.159512996673584,2.4809489250183105,1.5751028060913086,2.983787298202514,0.9465975417392436,1.0,-1,anomaly
206,2017-07-26,2017-07-26,144,1.401812195777893,3.36257266998291,1.8337318897247317,3.494428873062134,0.8699747054370789,1.0,1,normal
207,2017-07-27,2017-07-27,144,1.742034673690796,5.507688522338867,2.346846580505371,4.033310890197754,0.880016960417918,1.0,1,normal
208,2017-07-28,2017-07-28,144,1.1200402975082395,2.007685899734497,1.4169282913208008,2.7086832523345947,0.9701459335158552,1.0,-1,anomaly
209,2017-07-29,2017-07-29,144,1.503542423248291,4.171283721923828,2.042371988296509,3.893411874771118,0.9318892036543238,1.0,1,normal
210,2017-07-30,2017-07-30,144,1.57328999042511,4.058060169219971,2.01446270942688,3.78225040435791,0.8687696493116244,1.0,1,normal
211,2017-07-31,2017-07-31,144,1.6654839515686035,5.054604530334473,2.2482447624206543,3.747893810272217,0.9100021073208786,1.0,1,normal
212,2017-08-01,2017-08-01,144,1.2735286951065063,2.3295602798461914,1.526289701461792,3.4141764640808105,0.9219039856478238,1.0,1,normal
213,2017-08-02,2017-08-02,144,1.502310872077942,3.647407531738281,1.9098187685012815,3.717540264129639,0.9793574921304392,1.0,1,normal
214,2017-08-03,2017-08-03,142,1.790640115737915,7.7920660972595215,2.7914271354675293,3.911081314086914,0.938787413592781,0.9861111111111112,1,normal
215,2017-08-04,2017-08-04,144,2.4103667736053467,10.341400146484377,3.2158048152923584,5.057459831237793,0.8728758101738887,1.0,1,normal
216,2017-08-05,2017-08-05,144,1.9272303581237795,5.616616249084473,2.3699400424957275,4.377277374267578,0.827785922551151,1.0,1,normal
217,2017-08-06,2017-08-06,144,3.5487544536590576,26.742191314697266,5.171285152435303,7.109011650085449,0.7541252491450436,1.0,1,normal
218,2017-08-07,2017-08-07,143,4.785698890686035,39.01915740966797,6.246531486511231,8.477158546447754,0.6059093633752347,0.9930555555555556,1,normal
219,2017-08-08,2017-08-08,144,7.631526470184326,77.71851348876953,8.815810203552246,13.144762992858888,0.2613746459146483,1.0,1,normal
220,2017-08-09,2017-08-09,144,5.375319480895996,40.8385124206543,6.390501499176025,10.91555404663086,0.5395675399209243,1.0,1,normal
221,2017-08-10,2017-08-10,144,4.247621059417725,26.449893951416016,5.142946243286133,8.16994857788086,0.8874719920565469,1.0,1,normal
222,2017-08-11,2017-08-11,144,9.34461784362793,111.99658966064452,10.582843780517578,10.878786087036133,-1.132359184585897,1.0,1,normal
223,2017-08-12,2017-08-12,144,4.668509483337402,25.01130485534668,5.0011305809021,6.018420696258545,0.2495817329672408,1.0,1,normal
224,2017-08-13,2017-08-13,144,5.83319616317749,39.47404479980469,6.282837390899658,7.138299942016602,-1.7133951515016004,1.0,1,normal
225,2017-08-14,2017-08-14,144,2.420826911926269,8.322307586669922,2.884840965270996,3.2112433910369877,0.4375830896755357,1.0,1,normal
226,2017-08-15,2017-08-15,144,7.02101993560791,69.02059173583984,8.307863235473633,10.940115928649902,0.4002191012991152,1.0,1,normal
227,2017-08-16,2017-08-16,144,4.697153568267822,43.56867980957031,6.6006574630737305,8.578712463378906,0.77990213097937,1.0,1,normal
228,2017-08-17,2017-08-17,139,6.309396266937256,51.18221664428711,7.1541748046875,11.11471176147461,0.6486745626135948,0.9652777777777778,1,normal
229,2017-08-18,2017-08-18,144,11.086852073669434,147.8785400390625,12.160531997680664,15.727287292480469,-0.2320379993074353,1.0,1,normal
230,2017-08-19,2017-08-19,144,6.526005268096924,72.92082977294922,8.539369583129883,9.988134384155272,0.8068603790030034,1.0,1,normal
231,2017-08-20,2017-08-20,144,5.46330451965332,55.809688568115234,7.470588207244873,9.721389770507812,0.8684111779854667,1.0,1,normal
232,2017-08-21,2017-08-21,144,2.4752535820007324,6.43018913269043,2.5357818603515625,7.576273441314697,-20.31676403262127,1.0,1,normal
233,2017-08-22,2017-08-22,144,2.2909927368164062,5.705000877380371,2.388514280319214,7.236082077026367,-11.650934004736587,1.0,1,normal
234,2017-08-23,2017-08-23,106,2.694668769836426,9.22805404663086,3.037771224975586,8.405967712402344,-11.730069134568271,0.7361111111111112,1,normal
235,2017-08-24,2017-08-24,144,1.8933606147766116,5.570894241333008,2.360274076461792,6.041586399078369,-2.333373037205634,1.0,1,normal
236,2017-08-25,2017-08-25,144,1.2870087623596191,2.03922176361084,1.4280132055282593,4.184481143951416,-0.372586839860763,1.0,1,normal
237,2017-08-26,2017-08-26,144,1.9093189239501955,4.025736331939697,2.0064237117767334,6.144656658172607,-5.339914030535815,1.0,1,normal
238,2017-08-27,2017-08-27,144,1.5999633073806765,2.878587484359741,1.6966400146484375,5.336207389831543,-5.547870351844394,1.0,1,normal
239,2017-08-28,2017-08-28,143,23.122779846191406,3756.614990234375,61.29122924804688,15.155582427978516,-0.1980227671633863,0.9930555555555556,1,normal
240,2017-08-29,2017-08-29,144,1.8326759338378904,5.956971168518066,2.440690755844116,4.664468765258789,0.8191431916666824,1.0,1,normal
241,2017-08-30,2017-08-30,142,1.1102116107940674,2.6918225288391118,1.6406774520874023,2.9305944442749023,0.9502532486051328,0.9861111111111112,-1,anomaly
242,2017-08-31,2017-08-31,143,1.7845858335494995,5.565811634063721,2.3591971397399902,4.786011695861816,0.9163789503244676,0.9930555555555556,1,normal
243,2017-09-01,2017-09-01,144,5.484989166259766,36.357421875,6.029711723327637,9.696907043457031,0.1824255423232372,1.0,1,normal
244,2017-09-02,2017-09-02,144,6.820398330688477,51.82076644897461,7.19866418838501,11.004199028015137,-0.1073873924294352,1.0,1,normal
245,2017-09-03,2017-09-03,144,4.944114685058594,33.27799606323242,5.768708229064941,9.21168613433838,0.0917684327602548,1.0,1,normal
246,2017-09-04,2017-09-04,144,2.072821617126465,6.926493167877197,2.6318230628967285,5.022953987121582,0.8149448037224312,1.0,1,normal
247,2017-09-05,2017-09-05,144,2.97707200050354,15.338653564453123,3.916459321975708,6.984622001647949,0.7936684689974343,1.0,1,normal
248,2017-09-06,2017-09-06,144,6.630366802215576,51.89813232421875,7.204035758972168,13.59439182281494,-1.0825457645534375,1.0,1,normal
249,2017-09-07,2017-09-07,144,4.731057167053223,36.52037048339844,6.043208599090576,9.662487983703612,-1.733817059299816,1.0,1,normal
250,2017-09-08,2017-09-08,144,4.280083656311035,24.620323181152344,4.961886882781982,10.677560806274414,-0.6131056917772997,1.0,1,normal
251,2017-09-09,2017-09-09,144,4.561672210693359,33.494842529296875,5.787472724914551,10.38258934020996,0.5933493638698786,1.0,1,normal
252,2017-09-10,2017-09-10,144,4.49571418762207,30.11653709411621,5.487853527069092,10.643258094787598,-0.0378661524898535,1.0,1,normal
253,2017-09-11,2017-09-11,143,2.5866634845733643,11.359098434448242,3.370326280593872,7.133339881896973,0.3977396207528102,0.9930555555555556,1,normal
254,2017-09-12,2017-09-12,144,3.1300208568573,14.584025382995604,3.818903684616089,7.106456756591797,0.8416051914246995,1.0,1,normal
255,2017-09-13,2017-09-13,116,7.36931037902832,69.58042907714844,8.3414888381958,13.049311637878418,-0.1286503036399526,0.8055555555555556,1,normal
256,2017-09-14,2017-09-14,144,2.997596502304077,13.289249420166016,3.645442247390747,7.820733547210693,0.4629099178440616,1.0,1,normal
257,2017-09-15,2017-09-15,144,3.59413743019104,20.506589889526367,4.528420448303223,9.065232276916504,0.3354824458771204,1.0,1,normal
258,2017-09-16,2017-09-16,144,3.420912742614746,18.89223861694336,4.34652042388916,9.566948890686035,0.0027326837050448,1.0,1,normal
259,2017-09-17,2017-09-17,144,2.8235762119293213,13.22043800354004,3.6359920501708975,8.391412734985352,0.5239452883176221,1.0,1,normal
260,2017-09-18,2017-09-18,144,3.6403121948242183,25.23669815063477,5.023613929748535,9.374025344848633,0.4896540382897536,1.0,1,normal
261,2017-09-19,2017-09-19,144,2.3200275897979736,10.804179191589355,3.286971092224121,6.552750587463379,0.5767670590622377,1.0,1,normal
262,2017-09-20,2017-09-20,144,4.029226303100586,23.52056121826172,4.849800109863281,9.828922271728516,0.5789104209997302,1.0,1,normal
263,2017-09-21,2017-09-21,144,3.6727218627929688,16.494157791137695,4.061299800872803,9.595927238464355,-2.6781393511580744,1.0,1,normal
264,2017-09-22,2017-09-22,144,4.98656702041626,40.99857711791992,6.403013229370117,11.407745361328123,0.421252935338417,1.0,1,normal
265,2017-09-23,2017-09-23,144,9.30720043182373,99.59593200683594,9.979776382446287,18.1821346282959,-2.8785246199181134,1.0,1,normal
266,2017-09-24,2017-09-24,144,5.868452072143555,49.37543869018555,7.026765823364258,13.217924118041992,-3.9390687377042486,1.0,1,normal
267,2017-09-25,2017-09-25,144,2.709490299224853,11.752391815185549,3.428176164627075,7.271769523620605,0.6491454568377764,1.0,1,normal
268,2017-09-26,2017-09-26,144,2.205977201461792,10.22866153717041,3.198227882385254,6.385665893554688,0.3459936155060522,1.0,1,normal
269,2017-09-27,2017-09-27,144,7.046422481536865,67.80493927001953,8.234375,14.201712608337402,0.6238718963163423,1.0,1,normal
270,2017-09-28,2017-09-28,144,9.58748722076416,104.8600082397461,10.240118026733398,18.42599868774414,-1.3369641151262024,1.0,1,normal
271,2017-09-29,2017-09-29,144,10.617341995239258,120.49359893798828,10.976957321166992,19.921674728393555,-2.98633459803359,1.0,1,normal
272,2017-09-30,2017-09-30,144,4.340954303741455,38.04295349121094,6.1678972244262695,10.011775016784668,-1.2134146524871774,1.0,1,normal
273,2017-10-01,2017-10-01,144,5.921092510223389,57.12926483154297,7.558390140533447,13.106794357299805,0.124812023955675,1.0,1,normal
274,2017-10-02,2017-10-02,144,9.161632537841797,92.73931121826172,9.630125045776367,17.114362716674805,-0.0907560780813014,1.0,1,normal
275,2017-10-03,2017-10-03,144,9.995203971862791,106.86968231201172,10.33777904510498,17.283227920532227,-2.503480259916308,1.0,1,normal
276,2017-10-04,2017-10-04,144,10.553220748901367,122.23866271972656,11.056159019470217,19.87246322631836,-1.0574794730136627,1.0,1,normal
277,2017-10-05,2017-10-05,144,9.84445571899414,108.21561431884766,10.402673721313477,17.374462127685547,-1.2288380366951377,1.0,1,normal
278,2017-10-06,2017-10-06,144,3.677692890167236,23.39534950256348,4.836874008178711,8.312530517578125,0.4042181587551754,1.0,1,normal
279,2017-10-07,2017-10-07,144,6.531057357788086,66.0858154296875,8.129318237304688,14.061738967895508,0.4415027869816719,1.0,1,normal
280,2017-10-08,2017-10-08,144,8.758280754089355,92.17508697509766,9.600786209106444,17.356725692749023,-2.2508483374226067,1.0,1,normal
281,2017-10-09,2017-10-09,144,4.007729530334473,21.927734375,4.682705879211426,11.567041397094728,-2.228830014274302,1.0,1,normal
282,2017-10-10,2017-10-10,144,5.718881130218506,43.58460998535156,6.601864337921143,14.07972240447998,-0.2971510156697363,1.0,1,normal
283,2017-10-11,2017-10-11,144,7.714588642120361,72.78030395507812,8.531137466430664,16.37914276123047,-0.8975854500635139,1.0,1,normal
284,2017-10-12,2017-10-12,144,6.673391342163086,68.6854248046875,8.287667274475098,13.764768600463867,0.2120319914598827,1.0,1,normal
285,2017-10-13,2017-10-13,144,6.18527889251709,53.09662628173828,7.2867431640625,13.283437728881836,-6.596117676072081,1.0,1,normal
286,2017-10-14,2017-10-14,144,5.589846134185791,46.30476760864258,6.804760456085205,11.51319694519043,-2.0031111969657216,1.0,1,normal
287,2017-10-15,2017-10-15,144,10.22354793548584,113.45259857177734,10.651412963867188,19.300668716430664,-0.7985891127057874,1.0,1,normal
288,2017-10-16,2017-10-16,144,9.317626953125,89.698486328125,9.470928192138672,16.174781799316406,-4.004823537039743,1.0,1,normal
289,2017-10-17,2017-10-17,144,7.882444381713867,79.24005889892578,8.901688575744629,16.577110290527344,-2.8908884281911287,1.0,1,normal
290,2017-10-18,2017-10-18,144,6.46173620223999,61.12717056274414,7.818386554718018,15.939764976501465,-4.621787026104341,1.0,1,normal
291,2017-10-19,2017-10-19,144,5.311399459838867,46.2113037109375,6.797889709472656,12.586140632629396,-1.9858431531452452,1.0,1,normal
292,2017-10-20,2017-10-20,144,2.9616587162017822,13.457120895385742,3.6683948040008554,8.444842338562012,0.3113558993609873,1.0,1,normal
293,2017-10-21,2017-10-21,144,1.8848307132720947,5.565864562988281,2.359208345413208,5.600401401519775,0.8584989804807361,1.0,1,normal
294,2017-10-22,2017-10-22,144,2.0042200088500977,6.0073113441467285,2.450981616973877,5.873059272766113,0.6310507202318729,1.0,1,normal
295,2017-10-23,2017-10-23,144,10.50259494781494,119.17196655273438,10.91659164428711,20.18762588500977,-0.8591381616914011,1.0,1,normal
296,2017-10-24,2017-10-24,144,9.885518074035645,101.08577728271484,10.054141998291016,18.378366470336918,-1.57361501597047,1.0,1,normal
297,2017-10-25,2017-10-25,144,7.799123764038086,76.79851531982422,8.763476371765137,16.585996627807617,-0.904535402291895,1.0,1,normal
298,2017-10-26,2017-10-26,144,9.21272087097168,93.22269439697266,9.655190467834473,17.063968658447266,-0.8083356086697726,1.0,1,normal
299,2017-10-27,2017-10-27,144,9.673295974731444,106.49876403808594,10.31982421875,19.859235763549805,-3.252346681552762,1.0,1,normal
300,2017-10-28,2017-10-28,144,6.61819314956665,63.03669738769531,7.939565181732178,14.563202857971191,0.3917659807412115,1.0,1,normal
301,2017-10-29,2017-10-29,150,6.862289905548096,55.971900939941406,7.4814372062683105,14.890824317932127,-0.0620408046513885,1.0416666666666667,1,normal
302,2017-10-30,2017-10-30,144,4.520503997802734,23.708681106567383,4.869155883789063,13.256061553955078,-4.364313701448682,1.0,1,normal
303,2017-10-31,2017-10-31,132,6.779666900634766,56.95903015136719,7.547120571136475,14.95053005218506,-0.3231680849177838,0.9166666666666666,1,normal
304,2017-11-01,2017-11-01,144,9.896230697631836,108.39490509033205,10.411287307739258,19.78988647460937,-1.3618879155118937,1.0,1,normal
305,2017-11-02,2017-11-02,144,4.05067253112793,25.78772735595703,5.078161716461182,10.230361938476562,-0.4107934806835998,1.0,1,normal
306,2017-11-03,2017-11-03,144,3.304642677307129,14.935587882995604,3.864658832550049,9.33162784576416,-0.3249046097629249,1.0,1,normal
307,2017-11-04,2017-11-04,144,7.74150276184082,83.06898498535156,9.114218711853027,18.02468681335449,-3.3622308430870813,1.0,1,normal
308,2017-11-05,2017-11-05,144,4.390373229980469,26.61468505859375,5.158942222595215,13.69692039489746,-0.5256994627639151,1.0,1,normal
309,2017-11-06,2017-11-06,144,3.621394157409668,20.338699340820312,4.509844779968262,10.169175148010254,0.5395012228430427,1.0,1,normal
310,2017-11-07,2017-11-07,144,3.1483469009399414,13.796142578125,3.714315891265869,10.02975368499756,-0.2118665643842443,1.0,1,normal
311,2017-11-08,2017-11-08,144,1.7950867414474487,6.032279014587402,2.4560699462890625,6.296905994415283,0.7336251395905656,1.0,1,normal
312,2017-11-09,2017-11-09,144,2.9266293048858643,12.933038711547852,3.5962533950805664,9.0479097366333,0.3871078806834407,1.0,1,normal
313,2017-11-10,2017-11-10,144,4.166258811950684,29.02301406860352,5.387300968170166,11.060163497924805,0.5681928859141026,1.0,1,normal
314,2017-11-11,2017-11-11,144,3.131722450256348,13.465750694274902,3.6695709228515625,9.5303955078125,-0.2904421643204309,1.0,1,normal
315,2017-11-12,2017-11-12,144,2.8436479568481445,16.99764060974121,4.122819423675537,8.81263542175293,-0.0517047827614458,1.0,1,normal
316,2017-11-13,2017-11-13,144,2.9367074966430664,15.673590660095217,3.958988666534424,9.589537620544434,0.0430596557769277,1.0,1,normal
317,2017-11-14,2017-11-14,144,1.6027401685714722,5.05987548828125,2.2494165897369385,5.548445701599121,0.614326989874121,1.0,1,normal
318,2017-11-15,2017-11-15,144,7.357981204986572,62.76352310180664,7.9223432540893555,17.07975196838379,-0.1198666620712336,1.0,1,normal
319,2017-11-16,2017-11-16,144,4.890485763549805,31.63269424438477,5.624295234680176,16.313823699951172,-4.384685367921426,1.0,1,normal
320,2017-11-17,2017-11-17,144,7.003654003143311,51.821083068847656,7.198686122894287,21.679323196411133,-16.93806913753925,1.0,1,normal
321,2017-11-18,2017-11-18,144,7.816568374633789,67.84530639648438,8.236825942993164,22.43277359008789,-2.140492786894349,1.0,1,normal
322,2017-11-19,2017-11-19,144,8.503540992736816,81.51738739013672,9.028697967529297,18.228445053100582,-2.519094698598034,1.0,1,normal
323,2017-11-20,2017-11-20,144,6.571183204650879,57.87708282470703,7.607698917388916,14.286038398742676,-0.3535213455019577,1.0,1,normal
324,2017-11-21,2017-11-21,144,4.782254695892334,25.820823669433597,5.081419467926025,13.806289672851562,-2.817888947555497,1.0,1,normal
325,2017-11-22,2017-11-22,144,5.543355464935303,35.765869140625,5.980457305908203,17.11990737915039,-7.316227003356564,1.0,1,normal
326,2017-11-23,2017-11-23,144,2.95358943939209,11.062591552734377,3.326047420501709,9.06960678100586,-0.0457606654724074,1.0,1,normal
327,2017-11-24,2017-11-24,144,4.283679485321045,28.436452865600582,5.332583904266357,12.59162712097168,-17.390620487380893,1.0,1,normal
328,2017-11-25,2017-11-25,144,2.196794271469116,7.411745548248291,2.722452163696289,6.646484851837158,0.3819941512804508,1.0,1,normal
329,2017-11-26,2017-11-26,144,3.569579601287842,24.94970321655273,4.994967937469482,8.96722412109375,0.7682008100922695,1.0,1,normal
330,2017-11-27,2017-11-27,144,7.782919883728027,68.94255828857422,8.303165435791016,16.17761993408203,-1.9626164636716077,1.0,1,normal
331,2017-11-28,2017-11-28,144,6.204879283905029,43.88227844238281,6.624370098114014,17.951679229736328,-8.20259242311872,1.0,1,normal
332,2017-11-29,2017-11-29,144,6.764834403991699,57.10544967651367,7.556814670562744,14.915879249572754,-0.084591503917035,1.0,1,normal
333,2017-11-30,2017-11-30,144,6.92474365234375,66.94830322265625,8.182194709777832,21.00904655456543,-1.5615550870900128,1.0,1,normal
334,2017-12-01,2017-12-01,144,7.58901309967041,70.80777740478516,8.414735794067383,25.790849685668945,-8.848410403497306,1.0,1,normal
335,2017-12-02,2017-12-02,144,3.643543720245361,19.347700119018555,4.39860200881958,13.014284133911133,-1.3567612702381189,1.0,1,normal
336,2017-12-03,2017-12-03,144,5.0977783203125,32.89834213256836,5.735707759857178,17.106904983520508,-6.031332530546719,1.0,1,normal
337,2017-12-04,2017-12-04,144,8.24343204498291,79.39308166503906,8.910279273986816,21.10081672668457,0.3018779971330048,1.0,1,normal
338,2017-12-05,2017-12-05,144,7.325321674346924,61.24910354614258,7.826180458068848,15.102299690246582,-2.033322266663261,1.0,1,normal
339,2017-12-06,2017-12-06,144,9.587300300598145,99.49900817871094,9.974919319152832,22.150243759155277,-5.703698931981636,1.0,1,normal
340,2017-12-07,2017-12-07,144,5.299603462219238,35.15579605102539,5.929232120513916,14.703181266784668,-5.727550246523386,1.0,1,normal
341,2017-12-08,2017-12-08,144,3.4535586833953857,17.949947357177734,4.2367377281188965,12.023845672607422,0.192140273207836,1.0,1,normal
342,2017-12-09,2017-12-09,144,4.8063154220581055,26.589874267578125,5.156537055969238,15.720608711242676,-0.809810048111373,1.0,1,normal
343,2017-12-10,2017-12-10,144,8.481761932373047,87.40435028076172,9.349029541015623,24.97058868408203,-1.3167792958535105,1.0,1,normal
344,2017-12-11,2017-12-11,144,6.412524700164795,56.4112548828125,7.510742664337158,14.981704711914062,0.5885402260399453,1.0,1,normal
345,2017-12-12,2017-12-12,144,8.534424781799316,87.2815170288086,9.34245777130127,27.34941864013672,-8.02916624711951,1.0,1,normal
346,2017-12-13,2017-12-13,144,2.998939514160156,16.487163543701172,4.060438632965088,10.079030990600586,-0.8101795564892358,1.0,1,normal
347,2017-12-14,2017-12-14,144,4.113842487335205,28.75929450988769,5.36276912689209,14.251107215881348,-0.4793464436501224,1.0,1,normal
348,2017-12-15,2017-12-15,144,5.313500881195068,40.99987030029297,6.403114318847656,14.66691780090332,-0.0558967722975369,1.0,1,normal
349,2017-12-16,2017-12-16,144,7.865865230560303,78.07164764404297,8.835816383361816,23.834705352783203,-2.289578069427717,1.0,1,normal
350,2017-12-17,2017-12-17,144,4.925243854522705,27.587297439575195,5.252361297607422,15.60661792755127,-13.650292909297615,1.0,1,normal
351,2017-12-18,2017-12-18,144,5.986481189727783,45.09286117553711,6.715121746063232,19.99130630493164,-6.20957207601335,1.0,1,normal
352,2017-12-19,2017-12-19,144,6.518674850463867,56.52328872680664,7.518197059631348,19.463735580444336,-0.6622254056850283,1.0,1,normal
353,2017-12-20,2017-12-20,144,3.6620702743530273,15.780203819274902,3.972430467605591,11.905314445495604,-0.4455144619192515,1.0,1,normal
354,2017-12-21,2017-12-21,144,5.460238933563232,43.78593444824219,6.617094039916992,16.296106338500977,0.2246226099149645,1.0,1,normal
355,2017-12-22,2017-12-22,144,3.743172645568848,16.94447898864746,4.116367340087891,12.376639366149902,-0.9335381044878864,1.0,1,normal
356,2017-12-23,2017-12-23,144,4.715982913970947,37.62701416015625,6.1340861320495605,14.399282455444336,-0.603162868179461,1.0,1,normal
357,2017-12-24,2017-12-24,144,8.019064903259277,71.33722686767578,8.446136474609375,19.577062606811523,-2.991765528566086,1.0,1,normal
358,2017-12-25,2017-12-25,144,6.8116068840026855,62.59665298461914,7.911804676055908,19.699954986572266,-5.897563420607011,1.0,1,normal
359,2017-12-26,2017-12-26,144,7.868123531341553,78.38990783691406,8.85380744934082,24.357999801635746,-14.426232253422585,1.0,1,normal
360,2017-12-27,2017-12-27,144,7.75700044631958,70.3058853149414,8.384860038757324,16.65431785583496,-0.3345305593722198,1.0,1,normal
361,2017-12-28,2017-12-28,144,7.9667510986328125,70.75674438476562,8.411703109741211,19.90416145324707,-0.5847699391535011,1.0,1,normal
362,2017-12-29,2017-12-29,144,5.58189868927002,36.98053741455078,6.081162452697754,16.377038955688477,-6.139994646887526,1.0,1,normal
363,2017-12-30,2017-12-30,144,2.283320426940918,8.36369800567627,2.892005920410156,7.983919143676758,-0.1984550514513468,1.0,1,normal
